{"cameraMode":{"drawMode":0,"name":"Shaded","section":"Shading Mode"},"sceneLighting":true,"audioPlay":false,"sceneViewState":{"showFog":true,"showMaterialUpdate":false,"showSkybox":true,"showFlares":true,"showImageEffects":true,"showParticleSystems":true},"in2DMode":false,"pivot":{"x":-2.3654727935791017,"y":-2.4720797538757326,"z":5.904538154602051},"rotation":{"x":-0.21376550197601319,"y":0.30243879556655886,"z":-0.069797582924366,"w":-0.9262722730636597},"size":14.28907585144043,"orthographic":false}