{"count":1,"gauges":{"robotbrain.CumulativeReward":{"count":1,"max":-1,"min":-1,"value":-1,"weightedAverage":-1}},"self":22.243911999999998,"total":22.2817909,"children":{"AgentSendState":{"count":1085,"self":0.0089737999999999988,"total":0.0129908,"children":{"CollectObservations":{"count":109,"self":0.002992,"total":0.002992,"children":null},"CollectDiscreteActionMasks":{"count":109,"self":0.0010249999999999999,"total":0.0010249999999999999,"children":null}}},"DecideAction":{"count":1085,"self":0.0049536,"total":0.0049536,"children":null},"AgentAct":{"count":1085,"self":0.0189381,"total":0.0189381,"children":null}}}